<?xml version="1.0" encoding="UTF-8" standalone="yes"?>
<addon id="plugin.audio.cbc-radio"
       name="CBC Radio"
       version="0.0.8"
       provider-name="Chisholm, Stephen">
  <requires>
    <import addon="xbmc.python" version="2.0"/>
  </requires>
  <extension point="xbmc.python.pluginsource" library="default.py">
    <provides>audio</provides>
  </extension>
  <extension point="xbmc.addon.metadata">
    <platform>all</platform>
    <summary lang="en">CBC Radio</summary>
    <description lang="en">All available CBC Radio streams.</description>
  </extension>
</addon>
