﻿<?xml version="1.0" encoding="UTF-8" standalone="yes"?>
<addon id="repository.xbmc.sbchisholm" name="sbchisholm's XBMC Addons" version="1.0.0" provider-name="sbchisholm">
	<extension point="xbmc.addon.repository" name="sbchisholm's XBMC Addon Repository">
    <info compressed="false">https://github.com/sbchisholm/repository.xbmc.sbchisholm/raw/master/addons.xml</info>
    <checksum>https://github.com/sbchisholm/repository.xbmc.sbchisholm/raw/master/addons.xml.md5</checksum>
    <datadir zip="true">https://github.com/sbchisholm/repository.xbmc.sbchisholm/raw/master/repo/</datadir>
	</extension>
	<extension point="xbmc.addon.metadata">
		<summary>Install sbchisholm's Addons</summary>
		<description>Download and install addons by sbchisholm</description>
		<platform>all</platform>
	</extension>
</addon>

