
<window>
  <defaultcontrol>20000</defaultcontrol>
  <allowoverlay>false</allowoverlay>
  <type>dialog</type>

  <coordinates>
    <system>1</system>
    <posx>-10</posx>
    <posy>-20</posy>
  </coordinates>

  <controls>
    <control type="image">
      <description>Black background to hide menu flashes between songs</description>
      <visible>!Window.IsVisible(Visualisation)</visible>
      <posx>0</posx>
      <posy>0</posy>
      <width>1920</width>
      <height>1080</height>
      <texture>1px-black.png</texture>
    </control>

    <control type="button" id="20000">
      <description>dummy button to set initial view</description>
      <posx>0</posx>
      <posy>0</posy>
<!--
      <texturenofocus>-</texturenofocus>
      <texturefocus>-</texturefocus>
      <onfocus>Skin.Reset(PandoraVis)</onfocus>
      <onfocus>SetFocus(2000)</onfocus>
      <ondown>200</ondown>
      <onup>200</onup>
      <onleft>200</onleft>
      <onright>200</onright>
-->
    </control>

  </controls>
</window>
