<?xml version="1.0" encoding="UTF-8"?>
<addon id="plugin.audio.8tracks" 
  version="0.2.1" 
  name="8tracks" 
  provider-name="Chisholm, Stephen">
    <requires>
        <import addon="xbmc.python" version="2.0"/>
    </requires>
    <extension point="xbmc.python.pluginsource" library="default.py">
        <provides>audio</provides>
    </extension>
    <extension point="xbmc.addon.metadata">
        <summary>Listen to handcrafted internet radio.</summary>
        <description>8tracks is handcrafted internet radio. It offers a simple way for people to share and discover music through an online mix, a short playlist containing at least 8 tracks.</description>
        <platform>all</platform>
    </extension>
</addon>

